entrezid,ensembl,symbol,alias
26,ENSG00000002726,AOC1,ABP|ABP1|DAO|DAO1|KAO|AOC1
28,ENSG00000175164,ABO,A3GALNT|A3GALT1|GTB|NAGAT|ABO
94,ENSG00000139567,ACVRL1,ACVRLK1|ALK-1|ALK1|HHT|HHT2|ORW2|SKR3|TSR-I|ACVRL1
105,ENSG00000185736,ADARB2,ADAR3|RED2|ADARB2
108,ENSG00000078295,ADCY2,AC2|HBAC2|ADCY2
112,ENSG00000174233,ADCY6,AC6|LCCS8|ADCY6
133,ENSG00000148926,ADM,AM|PAMP|ADM
150,ENSG00000150594,ADRA2A,ADRA2|ADRA2R|ADRAR|ALPHA2AAR|ZNF32|ADRA2A
152,ENSG00000184160,ADRA2C,ADRA2L2|ADRA2RL2|ADRARL2|ALPHA2CAR|ADRA2C
153,ENSG00000043591,ADRB1,ADRB1R|B1AR|BETA1AR|FNSS2|RHR|ADRB1
165,ENSG00000106624,AEBP1,ACLP|AEBP1
182,ENSG00000101384,JAG1,AGS|AGS1|AHD|AWS|CD339|DCHE|HJ1|JAGL1|JAG1
189,ENSG00000172482,AGXT,AGT|AGT1|AGXT1|PH1|SPAT|SPT|TLH6|AGXT
205,ENSG00000162433,AK4,AK 4|AK3|AK3L1|AK3L2|AK4
216,ENSG00000165092,ALDH1A1,ALDC|ALDH-E1|ALDH1|ALDH11|HEL-9|HEL-S-53e|HEL12|PUMB1|RALDH1|ALDH1A1
246,ENSG00000161905,ALOX15,12-LOX|15-LOX|15-LOX-1|LOG15|ALOX15
284,ENSG00000154188,ANGPT1,AGP1|AGPT|ANG1|ANGPT1
288,ENSG00000151150,ANK3,ANKYRIN-G|MRT37|ANK3
320,ENSG00000107282,APBA1,D9S411E|LIN10|MINT1|X11|X11A|X11ALPHA|APBA1
351,ENSG00000142192,APP,AAA|ABETA|ABPP|AD1|APPI|CTFgamma|CVAP|PN-II|PN2|alpha-sAPP|preA4|APP
374,ENSG00000109321,AREG,AR|AREGB|CRDGF|SDGF|AREG
394,ENSG00000100852,ARHGAP5,GFI2|RhoGAP5|p190-B|p190BRhoGAP|ARHGAP5
445,ENSG00000130707,ASS1,ASS|CTLN1|ASS1
552,ENSG00000166148,AVPR1A,AVPR V1a|AVPR1|V1aR|AVPR1A
566,ENSG00000172232,AZU1,AZAMP|AZU|CAP37|HBP|HUMAZUR|NAZC|hHBP|AZU1
575,ENSG00000181790,ADGRB1,BAI1|GDAIF|ADGRB1
586,ENSG00000060982,BCAT1,BCATC|BCT1|ECA39|MECA39|PNAS121|PP18|BCAT1
595,ENSG00000110092,CCND1,BCL1|D11S287E|PRAD1|U21B31|CCND1
651,ENSG00000152785,BMP3,BMP-3A|BMP3
658,ENSG00000138696,BMPR1B,ALK-6|ALK6|AMDD|BDA1D|BDA2|CDw293|BMPR1B
667,ENSG00000151914,DST,BP240|BPA|BPAG1|CATX-15|CATX15|D6S1101|DMH|DT|EBSB2|HSAN6|MACF2|DST
687,ENSG00000119138,KLF9,BTEB|BTEB1|KLF9
717,ENSG00000166278,C2,ARMD14|CO2|C2
747,ENSG00000134780,DAGLA,C11orf11|DAGL(ALPHA)|DAGLALPHA|NSDDR|DAGLA
760,ENSG00000104267,CA2,CA-II|CAC|CAII|Car2|HEL-76|HEL-S-282|CA2
785,ENSG00000182389,CACNB4,CAB4|CACNLB4|EA5|EIG9|EJM|EJM4|EJM6|CACNB4
857,ENSG00000105974,CAV1,BSCL3|CGL3|LCCNS|MSTP085|PPH3|VIP21|CAV1
858,ENSG00000105971,CAV2,CAV|CAV2
862,ENSG00000079102,RUNX1T1,AML1-MTG8|AML1T1|CBFA2T1|CDR|ETO|MTG8|ZMYND2|RUNX1T1
911,ENSG00000158481,CD1C,BDCA1|CD1|CD1A|R7|CD1C
913,ENSG00000158488,CD1E,CD1A|R2|CD1E
928,ENSG00000010278,CD9,BTCC-1|DRAP-27|MIC3|MRP-1|TSPAN-29|TSPAN29|CD9
932,ENSG00000149516,MS4A3,CD20L|HTM4|MS4A3
947,ENSG00000174059,CD34,CD34
948,ENSG00000135218,CD36,BDPLT10|CHDS7|FAT|GP3B|GP4|GPIV|PASIV|SCARB3|CD36
1000,ENSG00000170558,CDH2,ACOGS|ARVD14|CD325|CDHN|CDw325|NCAD|CDH2
1002,ENSG00000179242,CDH4,CAD4|R-CAD|RCAD|CDH4
1007,ENSG00000113100,CDH9,CDH9
1026,ENSG00000124762,CDKN1A,CAP20|CDKN1|CIP1|MDA-6|P21|SDI1|WAF1|p21CIP1|CDKN1A
1029,ENSG00000147889,CDKN2A,ARF|CDK4I|CDKN2|CMM2|INK4|INK4A|MLM|MTS-1|MTS1|P14|P14ARF|P16|P16-INK4A|P16INK4|P16INK4A|P19|P19ARF|TP16|CDKN2A
1043,ENSG00000169442,CD52,CDW52|EDDM5|HE5|CD52
1047,ENSG00000153132,CLGN,CLGN
1053,ENSG00000092067,CEBPE,C/EBP-epsilon|CRP1|c/EBP epsilon|CEBPE
1062,ENSG00000138778,CENPE,CENP-E|KIF10|MCPH13|PPP1R61|CENPE
1063,ENSG00000117724,CENPF,CENF|CILD31|PRO1779|STROMS|hcp-1|CENPF
1071,ENSG00000087237,CETP,BPIFF|HDLCQ10|CETP
1178,ENSG00000105205,CLC,GAL10|Gal-10|LGALS10|LGALS10A|LPPL_HUMAN|CLC
1191,ENSG00000120885,CLU,AAG4|APO-J|APOJ|CLI|CLU1|CLU2|KUB1|NA1/NA2|SGP-2|SGP2|SP-40|TRPM-2|TRPM2|CLU
1234,ENSG00000160791,CCR5,CC-CKR-5|CCCKR5|CCR-5|CD195|CKR-5|CKR5|CMKBR5|IDDM22|CCR5
1272,ENSG00000018236,CNTN1,F3|GP135|MYPCN|CNTN1
1280,ENSG00000139219,COL2A1,ANFH|AOM|COL11A3|SEDC|STL1|COL2A1
1284,ENSG00000134871,COL4A2,BSVD2|ICH|POREN2|COL4A2
1289,ENSG00000130635,COL5A1,EDSC|EDSCL1|COL5A1
1296,ENSG00000171812,COL8A2,FECD|FECD1|PPCD|PPCD2|COL8A2
1359,ENSG00000163751,CPA3,MC-CPA|CPA3
1397,ENSG00000182809,CRIP2,CRIP|CRP2|ESP1|CRIP2
1421,ENSG00000118231,CRYGD,CACA|CCA3|CCP|CRYG4|CTRCT4|PCC|cry-g-D|CRYGD
1435,ENSG00000184371,CSF1,CSF-1|MCSF|CSF1
1464,ENSG00000173546,CSPG4,CSPG4A|HMW-MAA|MCSP|MCSPG|MEL-CSPG|MSK16|NG2|CSPG4
1475,ENSG00000121552,CSTA,AREI|PSS4|STF1|STFA|CSTA
1511,ENSG00000100448,CTSG,CATG|CG|CTSG
1514,ENSG00000135047,CTSL,CATL|CTSL1|MEP|CTSL
1521,ENSG00000172543,CTSW,LYPN|CTSW
1524,ENSG00000168329,CX3CR1,CCRL1|CMKBRL1|CMKDR1|GPR13|GPRV28|V28|CX3CR1
1545,ENSG00000138061,CYP1B1,ASGD6|CP1B|CYPIB1|GLC3A|P4501B1|CYP1B1
1593,ENSG00000135929,CYP27A1,CP27|CTX|CYP27|CYP27A1
1602,ENSG00000276644,DACH1,DACH|DACH1
1636,ENSG00000159640,ACE,ACE1|CD143|DCP|DCP1|ACE
1672,ENSG00000164825,DEFB1,BD1|DEFB-1|DEFB101|HBD1|DEFB1
1675,ENSG00000197766,CFD,ADIPSIN|ADN|DF|PFD|CFD
1687,ENSG00000105928,GSDME,DFNA5|ICERE-1|GSDME
1690,ENSG00000100473,COCH,COCH-5B2|COCH5B2|DFNA9|DFNB110|COCH
1791,ENSG00000107447,DNTT,TDT|DNTT
1793,ENSG00000150760,DOCK1,DOCK180|ced5|DOCK1
1808,ENSG00000092964,DPYSL2,CRMP-2|CRMP2|DHPRP2|DRP-2|DRP2|N2A3|ULIP-2|ULIP2|DPYSL2
1809,ENSG00000113657,DPYSL3,CRMP-4|CRMP4|DRP-3|DRP3|LCRMP|ULIP|ULIP-1|DPYSL3
1824,ENSG00000134755,DSC2,ARVD11|CDHF2|DG2|DGII/III|DSC3|DSC2
1829,ENSG00000046604,DSG2,CDHF5|HDGC|DSG2
1839,ENSG00000113070,HBEGF,DTR|DTS|DTSF|HEGFL|HBEGF
1850,ENSG00000184545,DUSP8,C11orf81|HB5|HVH-5|HVH8|DUSP8
1880,ENSG00000169508,GPR183,EBI2|hEBI2|GPR183
1893,ENSG00000143369,ECM1,URBWD|ECM1
1902,ENSG00000198121,LPAR1,EDG2|Gpcr26|LPA1|Mrec1.3|VZG1|edg-2|rec.1.3|vzg-1|LPAR1
1917,ENSG00000101210,EEF1A2,DEE33|EEF1AL|EF-1-alpha-2|EF1A|EIEE33|HS1|MRD38|STN|STNL|EEF1A2
1958,ENSG00000120738,EGR1,AT225|G0S30|KROX-24|NGFI-A|TIS8|ZIF-268|ZNF225|EGR1
1960,ENSG00000179388,EGR3,EGR-3|PILOT|EGR3
1991,ENSG00000197561,ELANE,ELA2|GE|HLE|HNE|NE|PMN-E|SCN1|ELANE
2006,ENSG00000049540,ELN,ADCL1|SVAS|WBS|WS|ELN
2012,ENSG00000134531,EMP1,CL-20|EMP-1|TMP|EMP1
2015,ENSG00000174837,ADGRE1,EMR1|TM7LN3|ADGRE1
2037,ENSG00000079819,EPB41L2,4.1-G|4.1G|EPB41L2
2048,ENSG00000133216,EPHB2,BDPLT22|CAPB|DRT|EK5|EPHT3|ERK|Hek5|PCBC|Tyro5|EPHB2
2059,ENSG00000151491,EPS8,DFNB102|EPS8
2069,ENSG00000124882,EREG,EPR|ER|Ep|EREG
2121,ENSG00000072840,EVC,DWF-1|EVC1|EVCL|EVC
2122,ENSG00000085276,MECOM,AML1-EVI-1|EVI1|KMT8E|MDS1|MDS1-EVI1|PRDM3|RUSAT2|MECOM
2125,ENSG00000167880,EVPL,EVPK|EVPL
2131,ENSG00000182197,EXT1,EXT|LGCR|LGS|TRPS2|TTV|EXT1
2150,ENSG00000164251,F2RL1,GPR11|PAR2|F2RL1
2152,ENSG00000117525,F3,CD142|TF|TFA|F3
2162,ENSG00000124491,F13A1,F13A|F13A1
2192,ENSG00000077942,FBLN1,FBLN|FIBL1|FBLN1
2195,ENSG00000083857,FAT1,CDHF7|CDHR8|FAT|ME5|hFat1|FAT1
2199,ENSG00000163520,FBLN2,FBLN2
2200,ENSG00000166147,FBN1,ACMICD|ECTOL1|FBN|GPHYSD2|MASS|MFLS|MFS1|OCTD|SGS|SSKS|WMS|WMS2|FBN1
2201,ENSG00000138829,FBN2,CCA|DA9|EOMD|FBN2
2205,ENSG00000179639,FCER1A,FCE1A|FcERI|FCER1A
2206,ENSG00000149534,MS4A2,APY|ATOPY|FCER1B|FCERI|IGEL|IGER|IGHER|MS4A1|MS4A2
2208,ENSG00000104921,FCER2,BLAST-2|CD23|CD23A|CLEC4J|FCE2|IGEBF|FCER2
2213,ENSG00000072694,FCGR2B,CD32|CD32B|FCG2|FCGR2|FCGR2C|FcRII-c|IGFR2|FCGR2B
2214,ENSG00000203747,FCGR3A,CD16|CD16A|FCG3|FCGR3|FCGRIII|FCR-10|FCRIII|FCRIIIA|IGFR3|IMD20|FCGR3A
2260,ENSG00000077782,FGFR1,BFGFR|CD331|CEK|ECCL|FGFBR|FGFR-1|FLG|FLT-2|FLT2|HBGFR|HH2|HRTFDS|KAL2|N-SAM|OGD|bFGF-R-1|FGFR1
2296,ENSG00000054598,FOXC1,ARA|ASGD3|FKHL7|FREAC-3|FREAC3|IGDA|IHG1|IRID1|RIEG3|FOXC1
2318,ENSG00000128591,FLNC,ABP-280|ABP280A|ABPA|ABPL|CMH26|FLN2|MFM5|MPD4|RCM5|FLNC
2324,ENSG00000037280,FLT4,CHTD7|FLT-4|FLT41|LMPH1A|LMPHM1|PCL|VEGFR-3|VEGFR3|FLT4
2628,ENSG00000171766,GATM,AGAT|AT|CCDS3|FRTS1|GATM
2633,ENSG00000117228,GBP1,GBP1
2649,ENSG00000148200,NR6A1,CT150|GCNF|GCNF1|NR61|RTR|hGCNF|hRTR|NR6A1
2687,ENSG00000099998,GGT5,GGL|GGT 5|GGT-REL|GGTLA1|GGT5
2770,ENSG00000127955,GNAI1,Gi|GNAI1
2791,ENSG00000127920,GNG11,GNGT11|GNG11
2835,ENSG00000132975,GPR12,GPCR12|GPCR21|PPP1R84|GPR12
2850,ENSG00000170837,GPR27,SREB1|GPR27
2901,ENSG00000105737,GRIK5,EAA2|GRIK2|GluK5|KA2|GRIK5
2920,ENSG00000081041,CXCL2,CINC-2a|GRO2|GROb|MGSA-b|MIP-2a|MIP2|MIP2A|SCYB2|CXCL2
2921,ENSG00000163734,CXCL3,CINC-2b|GRO3|GROg|MIP-2b|MIP2B|SCYB3|CXCL3
2944,ENSG00000134184,GSTM1,GST1|GSTM1-1|GSTM1a-1a|GSTM1b-1b|GTH4|GTM1|H-B|MU|MU-1|GSTM1
2949,ENSG00000134201,GSTM5,GSTM5-5|GTM5|GSTM5
2982,ENSG00000164116,GUCY1A1,GC-S-alpha-1|GC-SA3|GCS-alpha-3|GUC1A3|GUCA3|GUCSA3|GUCY1A3|MYMY6|GUCY1A1
3005,ENSG00000189060,H1-0,H1.0|H10|H1F0|H1FV|H1-0
3034,ENSG00000084110,HAL,HIS|HSTD|HAL
3067,ENSG00000140287,HDC,HDC
3075,ENSG00000000971,CFH,AHUS1|AMBP1|ARMD4|ARMS1|CFHL3|FH|FHL1|HF|HF1|HF2|HUS|CFH
3082,ENSG00000019991,HGF,DFNB39|F-TCF|HGFB|HPTA|SF|HGF
3084,ENSG00000157168,NRG1,ARIA|GGF|GGF2|HGL|HRG|HRG1|HRGA|MST131|MSTP131|NDF|NRG1-IT2|SMDF|NRG1
3164,ENSG00000123358,NR4A1,GFRP1|HMR|N10|NAK-1|NGFIB|NP10|NUR77|TR3|NR4A1
3176,ENSG00000150540,HNMT,HMT|HNMT-S1|HNMT-S2|MRT51|HNMT
3198,ENSG00000105991,HOXA1,BSAS|HOX1|HOX1F|HOXA1
3199,ENSG00000105996,HOXA2,HOX1K|MCOHI|HOXA2
3200,ENSG00000105997,HOXA3,HOX1|HOX1E|HOXA3
3201,ENSG00000197576,HOXA4,HOX1|HOX1D|HOXA4
3202,ENSG00000106004,HOXA5,HOX1|HOX1.3|HOX1C|HOXA5
3203,ENSG00000106006,HOXA6,HOX1|HOX1.2|HOX1B|HOXA6
3204,ENSG00000122592,HOXA7,ANTP|HOX1|HOX1.1|HOX1A|HOXA7
3205,ENSG00000078399,HOXA9,ABD-B|HOX1|HOX1.7|HOX1G|HOXA9
3206,ENSG00000253293,HOXA10,HOX1|HOX1.8|HOX1H|PL|HOXA10
3207,ENSG00000005073,HOXA11,HOX1|HOX1I|RUSAT1|HOXA11
3212,ENSG00000173917,HOXB2,HOX2|HOX2H|Hox-2.8|K8|HOXB2
3213,ENSG00000120093,HOXB3,HOX2|HOX2G|Hox-2.7|HOXB3
3214,ENSG00000182742,HOXB4,HOX-2.6|HOX2|HOX2F|HOXB4
3215,ENSG00000120075,HOXB5,HHO.C10|HOX2|HOX2A|HU-1|Hox2.1|HOXB5
3216,ENSG00000108511,HOXB6,HOX2|HOX2B|HU-2|Hox-2.2|HOXB6
3217,ENSG00000260027,HOXB7,HHO.C1|HOX2|HOX2C|Hox-2.3|HOXB7
3218,ENSG00000120068,HOXB8,HOX2|HOX2D|Hox-2.4|HOXB8
3219,ENSG00000170689,HOXB9,HOX-2.5|HOX2|HOX2E|HOXB9
3248,ENSG00000164120,HPGD,15-PGDH|PGDH|PGDH1|PHOAR1|SDR36C1|HPGD
3280,ENSG00000114315,HES1,HES-1|HHL|HRY|bHLHb39|HES1
3355,ENSG00000179097,HTR1F,5-HT-1F|5-HT1F|5HT6|HTR1EL|MR77|HTR1F
3363,ENSG00000148680,HTR7,5-HT7|HTR7
3382,ENSG00000003147,ICA1,ICA69|ICAp69|ICA1
3397,ENSG00000125968,ID1,ID|bHLHb24|ID1
3485,ENSG00000115457,IGFBP2,IBP2|IGF-BP53|IGFBP2
3543,ENSG00000128322,IGLL1,14.1|AGM2|CD179b|IGL1|IGL5|IGLJ14.1|IGLL|IGO|IGVPB|VPREB2|IGLL1
3553,ENSG00000125538,IL1B,IL-1|IL1-BETA|IL1F2|IL1beta|IL1B
3559,ENSG00000134460,IL2RA,CD25|IDDM10|IL2R|IMD41|TCGFR|p55|IL2RA
3568,ENSG00000091181,IL5RA,CD125|CDw125|HSIL5R3|IL5R|IL5RA
3576,ENSG00000169429,CXCL8,GCP-1|GCP1|IL8|LECT|LUCT|LYNAP|MDNCF|MONAP|NAF|NAP-1|NAP1|SCYB8|CXCL8
3595,ENSG00000081985,IL12RB2,IL12RB2
3673,ENSG00000164171,ITGA2,BR|CD49B|GPIa|HPA-5|VLA-2|VLAA2|ITGA2
3674,ENSG00000005961,ITGA2B,BDPLT16|BDPLT2|CD41|CD41B|GP2B|GPIIb|GT|GTA|HPA3|PPP1R93|ITGA2B
3680,ENSG00000144668,ITGA9,ALPHA-RLC|ITGA4L|RLC|ITGA9
3690,ENSG00000259207,ITGB3,BDPLT16|BDPLT2|CD61|GP3A|GPIIIa|GT|ITGB3
3696,ENSG00000105855,ITGB8,ITGB8
3725,ENSG00000177606,JUN,AP-1|AP1|c-Jun|cJUN|p39|JUN
3759,ENSG00000123700,KCNJ2,ATFB9|HHBIRK1|HHIRK1|IRK1|KIR2.1|LQT7|SQT3|KCNJ2
3856,ENSG00000170421,KRT8,CARD2|CK-8|CK8|CYK8|K2C8|K8|KO|KRT8
3872,ENSG00000128422,KRT17,39.1|CK-17|K17|PC|PC2|PCHC1|KRT17
3875,ENSG00000111057,KRT18,CK-18|CYK18|K18|KRT18
3899,ENSG00000144218,AFF3,LAF4|MLLT2-like|AFF3
3913,ENSG00000172037,LAMB2,LAMS|NPHS5|LAMB2
3915,ENSG00000135862,LAMC1,LAMB2|LAMC1
3959,ENSG00000108679,LGALS3BP,90K|BTBD17B|CyCAP|M2BP|MAC-2-BP|TANGO10B|gp90|LGALS3BP
3977,ENSG00000113594,LIFR,CD118|LIF-R|SJS2|STWS|SWS|LIFR
4000,ENSG00000160789,LMNA,CDCD1|CDDC|CMD1A|CMT2B1|EMD2|FPL|FPLD|FPLD2|HGPS|IDC|LDP1|LFP|LGMD1B|LMN1|LMNC|LMNL1|MADA|PRO1|LMNA
4015,ENSG00000113083,LOX,AAT10|LOX
4016,ENSG00000129038,LOXL1,LOL|LOXL|LOXL1
4023,ENSG00000175445,LPL,HDLCQ11|LIPD|LPL
4025,ENSG00000167419,LPO,SPO|LPO
4052,ENSG00000049323,LTBP1,LTBP1
4058,ENSG00000062524,LTK,TYK1|LTK
4059,ENSG00000187244,BCAM,AU|CD239|LU|MSK19|BCAM
4060,ENSG00000139329,LUM,LDC|SLRR2D|LUM
4064,ENSG00000134061,CD180,LY64|Ly78|RP105|CD180
4071,ENSG00000169908,TM4SF1,H-L6|L6|M3S1|TAAL6|TM4SF1
4072,ENSG00000119888,EPCAM,DIAR5|EGP-2|EGP314|EGP40|ESA|HNPCC8|KS1/4|KSA|M4S1|MIC18|MK-1|TACSTD1|TROP1|EPCAM
4082,ENSG00000277443,MARCKS,80K-L|MACS|PKCSL|PRKCSL|MARCKS
4130,ENSG00000166963,MAP1A,MAP1L|MTAP1A|MAP1A
4188,ENSG00000112559,MDFI,I-MF|I-mfa|MDFI
4199,ENSG00000065833,ME1,HUMNDME|MES|ME1
4211,ENSG00000143995,MEIS1,MEIS1
4232,ENSG00000106484,MEST,PEG1|MEST
4239,ENSG00000166482,MFAP4,MFAP4
4301,ENSG00000130396,AFDN,AF6|MLL-AF6|MLLT4|l-afadin|AFDN
4313,ENSG00000087245,MMP2,CLG4|CLG4A|MMP-2|MMP-II|MONA|TBE-1|MMP2
4323,ENSG00000157227,MMP14,MMP-14|MMP-X1|MT-MMP|MT-MMP 1|MT1-MMP|MT1MMP|MTMMP1|WNCHRS|MMP14
4324,ENSG00000102996,MMP15,MMP-15|MT2-MMP|MT2MMP|MTMMP2|SMCP-2|MMP15
4326,ENSG00000198598,MMP17,MMP-17|MT4-MMP|MT4MMP|MTMMP4|MMP17
4327,ENSG00000123342,MMP19,CODA|MMP18|RASI-1|MMP19
4330,ENSG00000169184,MN1,CEBALID|MGCR|MGCR1|MGCR1-PEN|dJ353E16.2|MN1
4345,ENSG00000091972,CD200,MOX1|MOX2|MRC|OX-2|CD200
4352,ENSG00000117400,MPL,C-MPL|CD110|MPLV|THCYT2|THPOR|TPOR|MPL
4353,ENSG00000005381,MPO,MPO
4360,ENSG00000260314,MRC1,CD206|CLEC13D|CLEC13DL|MMR|MRC1L1|bA541I19.1|hMR|MRC1
4430,ENSG00000128641,MYO1B,MMI-alpha|MMIa|MYH-1c|myr1|MYO1B
4608,ENSG00000133055,MYBPH,MYBPH
4613,ENSG00000134323,MYCN,MODED|N-myc|NMYC|ODED|bHLHe37|MYCN
4648,ENSG00000169994,MYO7B,MYO7B
4681,ENSG00000158747,NBL1,D1S1733E|DAN|DAND1|NB|NO3|NBL1|C1orf151-NBL1|MINOS1-NBL1|MICOS10-NBL1
4684,ENSG00000149294,NCAM1,CD56|MSK39|NCAM|NCAM1
4692,ENSG00000182636,NDN,HsT16328|PWCR|NDN
4744,ENSG00000100285,NEFH,CMT2CC|NFH|NEFH
4811,ENSG00000116962,NID1,NID|NID1
4854,ENSG00000074181,NOTCH3,CADASIL|CADASIL1|CASIL|IMF2|LMNS|NOTCH3
4856,ENSG00000136999,CCN3,IBP-9|IGFBP-9|IGFBP9|NOV|NOVh|CCN3
4883,ENSG00000113389,NPR3,ANP-C|ANPR-C|ANPRC|C5orf23|GUCY2B|NPR-C|NPRC|NPR3
4884,ENSG00000171246,NPTX1,NP1|NPTX1
4885,ENSG00000106236,NPTX2,NARP|NP-II|NP2|NPTX2
4900,ENSG00000154146,NRGN,RC3|hng|NRGN
4907,ENSG00000135318,NT5E,CALJA|CD73|E5NT|NT|NT5|NTE|eN|eNT|NT5E
4914,ENSG00000198400,NTRK1,MTC|TRK|TRK1|TRKA|Trk-A|p140-TrkA|NTRK1
4923,ENSG00000101188,NTSR1,NTR|NTSR1
5029,ENSG00000175591,P2RY2,HP2U|P2RU1|P2U|P2U1|P2UR|P2Y2|P2Y2R|P2RY2
5054,ENSG00000106366,SERPINE1,PAI|PAI-1|PAI1|PLANH1|SERPINE1
5064,ENSG00000099864,PALM,PALM1|PALM
5074,ENSG00000177425,PAWR,PAR4|Par-4|PAWR
5079,ENSG00000196092,PAX5,ALL3|BSAP|PAX5
5087,ENSG00000185630,PBX1,CAKUHED|PBX1
5090,ENSG00000167081,PBX3,PBX3
5095,ENSG00000175198,PCCA,PCCA
5139,ENSG00000172572,PDE3A,CGI-PDE|CGI-PDE A|CGI-PDE-A|HTNB|PDE3A
5166,ENSG00000004799,PDK4,PDK4
5168,ENSG00000136960,ENPP2,ATX|ATX-X|AUTOTAXIN|LysoPLD|NPP2|PD-IALPHA|PDNP2|ENPP2
5169,ENSG00000154269,ENPP3,B10|CD203c|NPP3|PD-IBETA|PDNP3|ENPP3
5196,ENSG00000163737,PF4,CXCL4|PF-4|SCYB4|PF4
5270,ENSG00000135919,SERPINE2,GDN|GDNPF|PI-7|PI7|PN-1|PN1|PNI|SERPINE2
5273,ENSG00000242550,SERPINB10,PI-10|PI10|SERPINB10
5318,ENSG00000057294,PKP2,ARVD9|PKP2
5332,ENSG00000101333,PLCB4,ARCND2|PI-PLC|PLCB4
5357,ENSG00000120756,PLS1,DFNA76|PLS1
5376,ENSG00000109099,PMP22,CIDP|CMT1A|CMT1E|DSS|GAS-3|GAS3|HMSNIA|HNPP|Sp110|PMP22
5443,ENSG00000115138,POMC,ACTH|CLIP|LPH|MSH|NPP|OBAIRH|POC|POMC
5457,ENSG00000152192,POU4F1,BRN3A|Oct-T1|RDC-1|brn-3A|POU4F1
5468,ENSG00000132170,PPARG,CIMT1|GLM1|NR1C3|PPARG1|PPARG2|PPARG5|PPARgamma|PPARG
5473,ENSG00000163736,PPBP,B-TG1|Beta-TG|CTAP-III|CTAP3|CTAPIII|CXCL7|LA-PF4|LDGF|MDGF|NAP-2|PBP|SCYB7|TC1|TC2|TGB|TGB1|THBGB|THBGB1|PPBP
5569,ENSG00000171033,PKIA,PRKACN1|PKIA
5577,ENSG00000005249,PRKAR2B,PRKAR2|RII-BETA|PRKAR2B
5625,ENSG00000100033,PRODH,HSPOX2|PIG6|POX|PRODH1|PRODH2|TP53I6|PRODH
5657,ENSG00000196415,PRTN3,ACPA|AGP7|C-ANCA|CANCA|MBN|MBT|NP-4|NP4|P29|PR-3|PR3|PRTN3
5727,ENSG00000185920,PTCH1,BCNS|NBCCS|PTC|PTC1|PTCH|PTCH1
5730,ENSG00000107317,PTGDS,L-PGDS|LPGDS|PDS|PGD2|PGDS|PGDS2|PTGDS
5733,ENSG00000050628,PTGER3,EP3|EP3-I|EP3-II|EP3-III|EP3-IV|EP3-VI|EP3e|PGE2-R|lnc003875|PTGER3
5738,ENSG00000134247,PTGFRN,CD315|CD9P-1|EWI-F|FPRP|SMAP-6|PTGFRN
5739,ENSG00000160013,PTGIR,IP|PRIPR|PTGIR
5743,ENSG00000073756,PTGS2,COX-2|COX2|GRIPGHS|PGG/HS|PGHS-2|PHS-2|hCox-2|PTGS2
5746,ENSG00000144407,PTH2R,PTHR2|PTH2R
5747,ENSG00000169398,PTK2,FADK|FADK 1|FAK|FAK1|FRNK|PPP1R71|p125FAK|pp125FAK|PTK2
5784,ENSG00000152104,PTPN14,CATLPH|PEZ|PTP36|PTPD2|PTPN14
5789,ENSG00000153707,PTPRD,HPTP|HPTPD|HPTPDELTA|PTPD|R-PTP-delta|RPTPDELTA|PTPRD
5793,ENSG00000144724,PTPRG,HPTPG|PTPG|R-PTP-GAMMA|RPTPG|PTPRG
5794,ENSG00000080031,PTPRH,R-PTP-H|SAP1|PTPRH
5797,ENSG00000173482,PTPRM,PTPRL1|R-PTP-MU|RPTPM|RPTPU|hR-PTPu|PTPRM
5802,ENSG00000105426,PTPRS,PTPSIGMA|R-PTP-S|R-PTP-sigma|PTPRS
5806,ENSG00000163661,PTX3,TNFAIP5|TSG-14|PTX3
5874,ENSG00000041353,RAB27B,C25KG|RAB27B
5996,ENSG00000090104,RGS1,1R20|BL34|HEL-S-87|IER1|IR20|RGS1
6091,ENSG00000169855,ROBO1,DUTT1|SAX3|ROBO1
6252,ENSG00000139970,RTN1,NSP|RTN1
6285,ENSG00000160307,S100B,NEF|S100|S100-B|S100beta|S100B
6320,ENSG00000105472,CLEC11A,CLECSF3|LSLCL|P47|SCGF|CLEC11A
6326,ENSG00000136531,SCN2A,BFIC3|BFIS3|BFNIS|DEE11|EA9|EIEE11|HBA|HBSCI|HBSCII|NAC2|Na(v)1.2|Nav1.2|SCN2A1|SCN2A2|SCN2A
6335,ENSG00000169432,SCN9A,ETHA|FEB3B|GEFSP7|HSAN2D|NE-NA|NENA|Nav1.7|PN1|SFNP|SCN9A
6346,ENSG00000108702,CCL1,I-309|P500|SCYA1|SISe|TCA3|CCL1
6348,ENSG00000277632,CCL3,G0S19-1|LD78ALPHA|MIP-1-alpha|MIP1A|SCYA3|CCL3
6349,ENSG00000276085,CCL3L1,464.2|D17S1718|G0S19-2|LD78|LD78-beta(1-70)|LD78BETA|MIP1AP|SCYA3L|SCYA3L1|CCL3L1|CCL3L3
6351,ENSG00000275302,CCL4,ACT2|AT744.1|G-26|HC21|LAG-1|LAG1|MIP-1-beta|MIP1B|MIP1B1|SCYA2|SCYA4|CCL4
6364,ENSG00000115009,CCL20,CKb4|Exodus|LARC|MIP-3-alpha|MIP-3a|MIP3A|SCYA20|ST38|CCL20
6368,ENSG00000274736,CCL23,CK-BETA-8|CKb8|Ckb-8|Ckb-8-1|MIP-3|MIP3|MPIF-1|SCYA23|hmrp-2a|CCL23
6385,ENSG00000124145,SDC4,SYND4|SDC4
6403,ENSG00000174175,SELP,CD62|CD62P|GMP140|GRMP|LECAM3|PADGEM|PSEL|SELP
6414,ENSG00000250722,SELENOP,SELP|SEPP|SEPP1|SeP|SELENOP
6496,ENSG00000138083,SIX3,HPE2|SIX3
6508,ENSG00000114923,SLC4A3,AE3|CAE3/BAE3|SLC2C|SLC4A3
6518,ENSG00000142583,SLC2A5,GLUT-5|GLUT5|SLC2A5
6542,ENSG00000003989,SLC7A2,ATRC2|CAT2|HCAT2|SLC7A2
6546,ENSG00000183023,SLC8A1,NCX1|SLC8A1
6547,ENSG00000100678,SLC8A3,NCX3|SLC8A3
6590,ENSG00000124107,SLPI,ALK1|ALP|BLPI|HUSI|HUSI-I|MPI|WAP4|WFDC4|SLPI
6614,ENSG00000088827,SIGLEC1,CD169|SIGLEC-1|SN|SIGLEC1
6615,ENSG00000124216,SNAI1,SLUGH2|SNA|SNAH|SNAIL|SNAIL1|dJ710H13.1|SNAI1
6678,ENSG00000113140,SPARC,BM-40|OI17|ON|ONT|SPARC
6691,ENSG00000128040,SPINK2,HUSI-II|SPGF29|SPINK2
6696,ENSG00000118785,SPP1,BNSP|BSPI|ETA-1|OPN|SPP1
6768,ENSG00000149418,ST14,ARCI11|CAP3|HAI|MT-SP1|MTSP1|PRSS14|SNC19|TADG15|TMPRSS14|ST14
6812,ENSG00000136854,STXBP1,DEE4|MUNC18-1|N-Sec1|NSEC1|P67|RBSEC1|UNC18|unc-18A|unc18-1|STXBP1
6915,ENSG00000006638,TBXA2R,BDPLT13|TXA2-R|TBXA2R
7004,ENSG00000197905,TEAD4,EFTR-2|RTEF1|TCF13L1|TEF-3|TEF3|TEFR-1|hRTEF-1B|TEAD4
7035,ENSG00000003436,TFPI,EPI|LACI|TFI|TFPI1|TFPI
7045,ENSG00000120708,TGFBI,BIGH3|CDB1|CDG2|CDGG1|CSD|CSD1|CSD2|CSD3|EBMD|LCD1|TGFBI
7052,ENSG00000198959,TGM2,G(h)|TG(C)|TGC|hTG2|tTG|TGM2
7056,ENSG00000178726,THBD,AHUS6|BDCA-3|BDCA3|CD141|THPH12|THRM|TM|THBD
7057,ENSG00000137801,THBS1,THBS|THBS-1|TSP|TSP-1|TSP1|THBS1
7075,ENSG00000066056,TIE1,JTK14|TIE|TIE1
7087,ENSG00000105376,ICAM5,TLCN|TLN|ICAM5
7099,ENSG00000136869,TLR4,ARMD10|CD284|TLR-4|TOLL|TLR4
7124,ENSG00000232810,TNF,DIF|TNF-alpha|TNFA|TNFSF2|TNLG1F|TNF
7162,ENSG00000146242,TPBG,5T4|5T4AG|M6P1|WAIF1|TPBG
7173,ENSG00000115705,TPO,MSA|TDH2A|TPX|TPO
7177,ENSG00000172236,TPSAB1,TPS1|TPS2|TPSB1|TPSB2|Tryptase-2|TPSAB1
7200,ENSG00000170893,TRH,Pro-TRH|TRF|TRH
7227,ENSG00000104447,TRPS1,GC79|LGCR|TRPS1
7293,ENSG00000186827,TNFRSF4,ACT35|CD134|IMD16|OX40|TXGP1L|TNFRSF4
7373,ENSG00000187955,COL14A1,UND|COL14A1
7436,ENSG00000147852,VLDLR,CAMRQ1|CARMQ1|CHRMQ1|VLDL-R|VLDLRCH|VLDLR
7450,ENSG00000110799,VWF,F8VWF|VWD|VWF
7477,ENSG00000188064,WNT7B,WNT7B
7490,ENSG00000184937,WT1,AWT1|GUD|NPHS4|WAGR|WIT-2|WT33|WT1
7643,ENSG00000213988,ZNF90,HTF9|ZNF90
7681,ENSG00000179455,MKRN3,CPPB2|D15S9|RNF63|ZFP127|ZNF127|MKRN3
7694,ENSG00000176293,ZNF135,ZNF61|ZNF78L1|pHZ-17|pT3|ZNF135
7772,ENSG00000278318,ZNF229,ZNF229
7837,ENSG00000130508,PXDN,ASGD7|COPOA|D2S448|D2S448E|MG50|PRG2|PXN|VPO|PXDN
7849,ENSG00000125618,PAX8,PAX8
7976,ENSG00000104290,FZD3,Fz-3|FZD3
8013,ENSG00000119508,NR4A3,CHN|CSMF|MINOR|NOR1|NR4A3
8091,ENSG00000149948,HMGA2,BABL|HMGI-C|HMGIC|LIPO|SRS5|STQTL9|HMGA2
8204,ENSG00000180530,NRIP1,CAKUT3|RIP140|NRIP1
8218,ENSG00000070371,CLTCL1,CHC22|CLH22|CLTCL|CLTD|CLTCL1
8288,ENSG00000121053,EPX,EPO|EPP|EPX-PEN|EPXD|EPX
8323,ENSG00000164930,FZD6,FZ-6|FZ6|HFZ6|NDNC1|NDNC10|FZD6
8436,ENSG00000168497,CAVIN2,PS-p68|SDPR|SDR|cavin-2|CAVIN2
8447,ENSG00000272636,DOC2B,DOC2BL|DOC2B
8476,ENSG00000143776,CDC42BPA,MRCK|MRCKA|PK428|CDC42BPA
8528,ENSG00000203797,DDO,DASOX|DDO-1|DDO-2|DDO
8529,ENSG00000186115,CYP4F2,CPF2|CYP4F2
8530,ENSG00000077984,CST7,CMAP|CST7
8626,ENSG00000073282,TP63,AIS|B(p51A)|B(p51B)|EEC3|KET|LMS|NBP|OFC8|RHS|SHFM4|TP53CP|TP53L|TP73L|p40|p51|p53CP|p63|p73H|p73L|TP63
8642,ENSG00000166341,DCHS1,CDH19|CDH25|CDHR6|FIB1|MVP2|PCDH16|VMLDS1|DCHS1
8714,ENSG00000108846,ABCC3,ABC31|EST90757|MLP2|MOAT-D|MRP3|cMOAT2|ABCC3
8788,ENSG00000185559,DLK1,DLK|DLK-1|Delta1|FA1|PREF1|Pref-1|ZOG|pG2|DLK1
8792,ENSG00000141655,TNFRSF11A,CD265|FEO|LOH18CR1|ODFR|OFE|OPTB7|OSTS|PDB2|RANK|TRANCE-R|TRANCER|TNFRSF11A
8825,ENSG00000111052,LIN7A,LIN-7A|LIN7|MALS-1|MALS1|TIP-33|VELI1|LIN7A
8835,ENSG00000120833,SOCS2,CIS2|Cish2|SOCS-2|SSI-2|SSI2|STATI2|SOCS2
8842,ENSG00000007062,PROM1,AC133|CD133|CORD12|MCDR2|MSTP061|PROML1|RP41|STGD4|PROM1
8853,ENSG00000151693,ASAP2,AMAP2|CENTB3|DDEF2|PAG3|PAP|Pap-alpha|SHAG1|ASAP2
8870,ENSG00000137331,IER3,DIF-2|DIF2|GLY96|IEX-1|IEX-1L|IEX1|PRG1|IER3
8876,ENSG00000112299,VNN1,HDLCQ8|Tiff66|VNN1
8900,ENSG00000133101,CCNA1,CT146|CCNA1
8912,ENSG00000196557,CACNA1H,CACNA1HB|Cav3.2|ECA6|EIG6|HALD4|CACNA1H
8942,ENSG00000115919,KYNU,KYNUU|VCRL2|KYNU
9048,ENSG00000117407,ARTN,ART|ENOVIN|EVN|NBN|ARTN
9053,ENSG00000135525,MAP7,E-MAP-115|EMAP115|MAP7
9071,ENSG00000134873,CLDN10,CPETRL3|HELIX|OSP-L|OSPL|CLDN10
9173,ENSG00000115602,IL1RL1,DER4|FIT-1|IL33R|ST2|ST2L|ST2V|T1|IL1RL1
9228,ENSG00000198010,DLGAP2,C8orf68|DAP2|ERICH1-AS1|SAPAP2|DLGAP2
9241,ENSG00000183691,NOG,SYM1|SYNS1|SYNS1A|NOG
9249,ENSG00000162496,DHRS3,DD83.1|RDH17|Rsdr1|SDR1|SDR16C1|retSDR1|DHRS3
9289,ENSG00000205336,ADGRG1,BFPP|BPPR|GPR56|TM7LN4|TM7XN1|ADGRG1
9333,ENSG00000104055,TGM5,PSS2|TGASE5|TGASEX|TGM6|TGMX|TGX|TGM5
9348,ENSG00000164100,NDST3,HSST3|NDST3
9351,ENSG00000065054,SLC9A3R2,E3KARP|NHE3RF2|NHERF-2|NHERF2|OCTS2|SIP-1|SIP1|TKA-1|SLC9A3R2
9372,ENSG00000157077,ZFYVE9,MADHIP|NSP|PPP1R173|SARA|SMADIP|ZFYVE9
9379,ENSG00000110076,NRXN2,NRXN2
9381,ENSG00000115155,OTOF,AUNB1|DFNB6|DFNB9|FER1L2|NSRD9|OTOF
9420,ENSG00000172817,CYP7B1,CBAS3|CP7B|SPG5A|CYP7B1
9450,ENSG00000112799,LY86,MD-1|MD1|MMD-1|dJ80N2.1|LY86
9462,ENSG00000075391,RASAL2,NGAP|RASAL2
9508,ENSG00000156140,ADAMTS3,ADAMTS-4|HKLLS3|ADAMTS3
9509,ENSG00000087116,ADAMTS2,ADAM-TS2|ADAMTS-2|ADAMTS-3|EDSDERMS|NPI|PC I-NP|PCI-NP|PCINP|PCPNI|PNPI|ADAMTS2
9510,ENSG00000154734,ADAMTS1,C3-C5|METH1|ADAMTS1
9560,ENSG00000276070,CCL4L2,AT744.2|CCL4L|SCYA4L|SCYQ4L2|CCL4L2|LAG-1|LAG1|MIP-1-beta|SCYA4L1|SCYA4L2|CCL4L1
9576,ENSG00000077327,SPAG6,CFAP194|CT141|FAP194|Repro-SA-1|pf16|SPAG6
9582,ENSG00000179750,APOBEC3B,A3B|APOBEC1L|ARCD3|ARP4|DJ742C19.2|PHRBNL|bK150C2.2|APOBEC3B
9586,ENSG00000146592,CREB5,CRE-BPA|CREB-5|CREBPA|CREB5
9627,ENSG00000064692,SNCAIP,SYPH1|Sph1|SNCAIP
9705,ENSG00000147488,ST18,NZF-3|NZF3|ZC2H2C3|ZC2HC10|ZNF387|ST18
9734,ENSG00000048052,HDAC9,HD7|HD7b|HD9|HDAC|HDAC7|HDAC7B|HDAC9B|HDAC9FL|HDRP|MITR|HDAC9
9743,ENSG00000134909,ARHGAP32,GC-GAP|GRIT|PX-RICS|RICS|p200RhoGAP|p250GAP|ARHGAP32
9805,ENSG00000136193,SCRN1,SES1|SCRN1
9826,ENSG00000132694,ARHGEF11,GTRAP48|PDZ-RHOGEF|ARHGEF11
9832,ENSG00000176049,JAKMIP2,JAMIP2|NECC1|JAKMIP2
9853,ENSG00000198853,RUSC2,Iporin|MRT61|RUSC2
9886,ENSG00000072422,RHOBTB1,RHOBTB1
9899,ENSG00000185518,SV2B,HsT19680|SV2B
9901,ENSG00000196220,SRGAP3,ARHGAP14|MEGAP|SRGAP2|WRP|SRGAP3
9934,ENSG00000174944,P2RY14,BPR105|GPR105|P2Y14|P2RY14
10004,ENSG00000168060,NAALADL1,I100|NAALADASEL|NAALADL1
10040,ENSG00000141198,TOM1L1,SRCASM|TOM1L1
10079,ENSG00000054793,ATP9A,ATPIIA|ATP9A
10082,ENSG00000183098,GPC6,OMIMD1|GPC6
10100,ENSG00000134198,TSPAN2,NET3|TSN2|TSPAN-2|TSPAN2
10157,ENSG00000008311,AASS,LKR/SDH|LKRSDH|LORSDH|AASS
10161,ENSG00000139679,LPAR6,ARWH1|HYPT8|LAH3|LPA-6|P2RY5|P2Y5|LPAR6
10186,ENSG00000183722,LHFPL6,LHFP|LHFPL6
10203,ENSG00000064989,CALCRL,CGRPR|CRLR|LMPHM8|CALCRL
10215,ENSG00000205927,OLIG2,BHLHB1|OLIGO2|PRKCBP2|RACK17|bHLHe19|OLIG2
10223,ENSG00000143167,GPA33,A33|GPA33
10225,ENSG00000153283,CD96,TACTILE|CD96
10232,ENSG00000102854,MSLN,MPF|SMRP|MSLN
10252,ENSG00000164056,SPRY1,hSPRY1|SPRY1
10265,ENSG00000176842,IRX5,HMMS|IRX-2a|IRXB2|IRX5
10267,ENSG00000132329,RAMP1,RAMP1
10319,ENSG00000050555,LAMC3,OCCM|LAMC3
10388,ENSG00000196074,SYCP2,SCP-2|SCP2|SPGF1|SYCP2
10394,ENSG00000156575,PRG3,MBP2|MBPH|PRG3
10395,ENSG00000164741,DLC1,ARHGAP7|HP|STARD12|p122-RhoGAP|DLC1
10410,ENSG00000142089,IFITM3,1-8U|DSPA2b|IP15|IFITM3
10418,ENSG00000262655,SPON1,VSGP/F-spondin|f-spondin|SPON1
10462,ENSG00000132514,CLEC10A,CD301|CLECSF13|CLECSF14|HML|HML2|MGL|CLEC10A
10497,ENSG00000198722,UNC13B,MUNC13|UNC13|Unc13h2|munc13-2|UNC13B
10512,ENSG00000075223,SEMA3C,SEMAE|SemE|SEMA3C
10516,ENSG00000140092,FBLN5,ADCL2|ARCL1A|ARMD3|DANCE|EVEC|FIBL-5|HNARMD|UP50|FBLN5
10536,ENSG00000110811,P3H3,GRCB|HSU47926|LEPREL2|P3H3
10551,ENSG00000106541,AGR2,AG-2|AG2|GOB-4|HAG-2|HEL-S-116|HPC8|PDIA17|XAG-2|AGR2
10656,ENSG00000131773,KHDRBS3,Etle|SALP|SLM-2|SLM2|T-STAR|TSTAR|etoile|KHDRBS3
10669,ENSG00000138028,CGREF1,CGR11|CGREF1
10720,ENSG00000213759,UGT2B11,UGT2B11
10777,ENSG00000172995,ARPP21,ARPP-21|R3HDM3|RCS|TARPP|ARPP21
10855,ENSG00000173083,HPSE,HPA|HPA1|HPR1|HPSE1|HSE1|HPSE
10859,ENSG00000104972,LILRB1,CD85J|ILT-2|ILT2|LIR-1|LIR1|MIR-7|MIR7|PIR-B|PIRB|LILRB1
10867,ENSG00000011105,TSPAN9,NET-5|NET5|PP1057|TSPAN9
10891,ENSG00000109819,PPARGC1A,LEM6|PGC-1(alpha)|PGC-1alpha|PGC-1v|PGC1|PGC1A|PPARGC1|PPARGC1A
10911,ENSG00000049247,UTS2,PRO1068|U-II|UCN2|UII|UTS2
10924,ENSG00000172594,SMPDL3A,ASM3A|ASML3a|yR36GH4.1|SMPDL3A
10942,ENSG00000007038,PRSS21,ESP-1|ESP1|TEST1|TESTISIN|PRSS21
10964,ENSG00000137959,IFI44L,C1orf29|GS3686|IFI44L
11030,ENSG00000157110,RBPMS,HERMES|RBPMS
11117,ENSG00000138080,EMILIN1,EMI|EMILIN|gp115|EMILIN1
11145,ENSG00000176485,PLAAT3,AdPLA|H-REV107|H-REV107-1|HRASLS3|HREV107|HREV107-1|HREV107-3|HRSL3|PLA2G16|PLAAT-3|PLAAT3
11156,ENSG00000184489,PTP4A3,PRL-3|PRL-R|PRL3|PTP4A3
11173,ENSG00000136378,ADAMTS7,ADAM-TS 7|ADAM-TS7|ADAMTS-7|ADAMTS7
11251,ENSG00000183134,PTGDR2,CD294|CRTH2|DL1R|DP2|GPR44|PTGDR2
22808,ENSG00000158186,MRAS,M-RAs|NS11|R-RAS3|RRAS3|MRAS
22822,ENSG00000139289,PHLDA1,DT1P1B11|PHRIP|TDAG51|PHLDA1
22824,ENSG00000164070,HSPA4L,APG-1|APG1|HSPH3|Osp94|HSPA4L
22837,ENSG00000082438,COBLL1,COBLR1|COBLL1
22874,ENSG00000143850,PLEKHA6,PEPP-3|PEPP3|PLEKHA6
22915,ENSG00000138722,MMRN1,ECM|EMILIN4|GPIa*|MMRN|MMRN1
22997,ENSG00000080854,IGSF9B,LINC00947|MIR4697HG|IGSF9B
23001,ENSG00000163625,WDFY3,ALFY|BCHS|MCPH18|ZFYVE25|WDFY3
23007,ENSG00000114805,PLCH1,PLC eta 1|PLC-L3|PLCL3|PLCH1
23015,ENSG00000175265,GOLGA8A,CFAP286|FAP286|GM88|GOLGA8B|GOLGA8A
23136,ENSG00000082397,EPB41L3,4.1B|DAL-1|DAL1|EPB41L3
23230,ENSG00000197969,VPS13A,CHAC|CHOREIN|VPS13A
23237,ENSG00000198576,ARC,Arg3.1|hArc|ARC
23284,ENSG00000150471,ADGRL3,CIRL3|CL3|LEC3|LPHN3|ADGRL3
23312,ENSG00000104093,DMXL2,DEE81|DFNA71|EIEE81|PEPNS|RC3|DMXL2
23316,ENSG00000111249,CUX2,CDP2|CUTL2|DEE67|EIEE67|CUX2
23362,ENSG00000156011,PSD3,EFA6D|EFA6R|HCA67|PSD3
23363,ENSG00000124006,OBSL1,OBSL1
23430,ENSG00000095917,TPSD1,MCP7-LIKE|MCP7L1|MMCP-7L|TPSD1
23461,ENSG00000154265,ABCA5,ABC13|EST90625|HTC3|ABCA5
23532,ENSG00000185686,PRAME,CT130|MAPE|OIP-4|OIP4|PRAME
23543,ENSG00000100320,RBFOX2,FOX2|Fox-2|HNRBP2|HRNBP2|RBM9|RTA|dJ106I20.3|fxh|RBFOX2
23544,ENSG00000100095,SEZ6L,SEZ6L
23576,ENSG00000153904,DDAH1,DDAH|DDAH-1|DDAHI|HEL-S-16|DDAH1
23677,ENSG00000130147,SH3BP4,BOG25|TTP|SH3BP4
24141,ENSG00000125869,LAMP5,BAD-LAMP|BADLAMP|C20orf103|LAMP-5|UNC-46|LAMP5
25805,ENSG00000095739,BAMBI,NMA|BAMBI
25825,ENSG00000182240,BACE2,AEPLC|ALP56|ASP1|ASP21|BAE2|CDA13|CEAP1|DRAP|BACE2
25925,ENSG00000198795,ZNF521,EHZF|Evi3|ZNF521
25927,ENSG00000119865,CNRIP1,C2orf32|CRIP-1|CRIP1|CNRIP1
25960,ENSG00000020181,ADGRA2,GPR124|TEM5|ADGRA2
25984,ENSG00000108244,KRT23,CK23|HAIK1|K23|KRT23
25999,ENSG00000105270,CLIP3,CLIPR-59|CLIPR59|RSNL1|CLIP3
26050,ENSG00000165300,SLITRK5,LRRC11|bA364G4.2|SLITRK5
26095,ENSG00000204179,PTPN20,CT126|PTPN20A|PTPN20B|bA142I17.1|bA42B19.1|PTPN20
26227,ENSG00000092621,PHGDH,3-PGDH|3PGDH|HEL-S-113|NLS|NLS1|PDG|PGAD|PGD|PGDH|PHGDHD|SERA|PHGDH
26289,ENSG00000154027,AK5,AK6|AK5
26468,ENSG00000106852,LHX6,LHX6.1|LHX6
26507,ENSG00000119946,CNNM1,ACDP1|CLP-1|CNNM1
27132,ENSG00000178773,CPNE7,CPNE7
27152,ENSG00000164066,INTU,CPLANE4|INT|OFD17|PDZD6|PDZK6|SRTD20|INTU
27233,ENSG00000198075,SULT1C4,SULT1C|SULT1C2|SULT1C4
27239,ENSG00000250510,GPR162,A-2|GRCA|GPR162
27306,ENSG00000163106,HPGDS,GSTS|GSTS1|GSTS1-1|PGD2|PGDS|HPGDS
28959,ENSG00000106565,TMEM176B,LR8|MS4B2|TMEM176B
28965,ENSG00000113396,SLC27A6,ACSVL2|FACVL2|FATP6|VLCS-H1|SLC27A6
29760,ENSG00000095585,BLNK,AGM4|BASH|BLNK-S|LY57|SLP-65|SLP65|bca|BLNK
29785,ENSG00000167600,CYP2S1,CYPIIS1|CYP2S1
29842,ENSG00000115112,TFCP2L1,CRTR1|LBP-9|LBP9|TFCP2L1
29970,ENSG00000151967,SCHIP1,SCHIP-1|SCHIP1
29993,ENSG00000124507,PACSIN1,SDPI|PACSIN1
30061,ENSG00000138449,SLC40A1,FPN1|HFE4|IREG1|MST079|MSTP079|MTP1|SLC11A3|SLC40A1
30846,ENSG00000024422,EHD2,PAST2|EHD2
50512,ENSG00000114631,PODXL2,EG|PODLX2|PODXL2
50636,ENSG00000146205,ANO7,D-TMPP|DTMPP|IPCA-5|IPCA5|NGEP|PCANAP5|PCANAP5L|TMEM16G|ANO7
50804,ENSG00000104177,MYEF2,HsT18564|MEF-2|MST156|MSTP156|myEF-2|MYEF2
50944,ENSG00000161681,SHANK1,SPANK-1|SSTRIP|synamon|SHANK1
51050,ENSG00000137558,PI15,CRISP8|P24TI|P25TI|PI15
51162,ENSG00000172889,EGFL7,NEU1|VE-STATIN|ZNEU1|EGFL7
51166,ENSG00000109576,AADAT,KAT2|KATII|KYAT2|AADAT
51313,ENSG00000164125,GASK1B,AD021|AD036|C4orf18|ENED|FAM198B|GASK1B
51334,ENSG00000184838,PRR16,DSC54|LARGEN|PRR16
51361,ENSG00000134709,HOOK1,HK1|HOOK1
51435,ENSG00000168077,SCARA3,APC7|CSR|CSR1|MSLR1|MSRL1|SCARA3
51557,ENSG00000146166,LGSN,GLULD1|LGS|LGSN
51655,ENSG00000108551,RASD1,AGS1|DEXRAS1|MGC:26290|RASD1
51673,ENSG00000159713,TPPP3,CGI-38|TPPP/p20|p20|p25gamma|TPPP3
51678,ENSG00000105926,MPP6,MPP6|VAM-1|VAM1|p55T|PALS2
51776,ENSG00000091436,MAP3K20,AZK|CNM6|MLK7|MLT|MLTK|MLTKalpha|MLTKbeta|MRK|SFMMP|ZAK|mlklak|pk|MAP3K20
54039,ENSG00000183570,PCBP3,ALPHA-CP3|PCBP3-OT1|PCBP3OT|PCBP3
54329,ENSG00000164604,GPR85,SREB|SREB2|GPR85
54360,ENSG00000170891,CYTL1,C17|C4orf4|CYTL1
54453,ENSG00000132669,RIN2,MACS|RASSF4|RIN2
54463,ENSG00000154153,RETREG1,FAM134B|JK-1|JK1|RETREG1
54490,ENSG00000135226,UGT2B28,UGT2B28
54492,ENSG00000214357,NEURL1B,NEURL3|RNF67B|hNeur2|neur2|NEURL1B
54504,ENSG00000106066,CPVL,HVLP|CPVL
54538,ENSG00000154133,ROBO4,AOVD3|ECSM4|MRB|ROBO4
54549,ENSG00000069188,SDK2,SDK2
54558,ENSG00000132122,SPATA6,HASH|SRF-1|SRF1|SPATA6
54682,ENSG00000111261,MANSC1,9130403P13Rik|LOH12CR3|MANSC1
54795,ENSG00000130529,TRPM4,EKVP6|LTrpC4|PFHB1B|TRPM4B|hTRPM4|TRPM4
54852,ENSG00000137819,PAQR5,MPRG|PAQR5
54874,ENSG00000137942,FNBP1L,C1orf39|TOCA1|FNBP1L
55022,ENSG00000153823,PID1,HMFN2073|NYGGF4|P-CLI1|PCLI1|PID1
55083,ENSG00000162849,KIF26B,KIF26B
55092,ENSG00000171729,TMEM51,C1orf72|TMEM51
55137,ENSG00000182263,FIGN,FIGN
55211,ENSG00000121570,DPPA4,2410091M23Rik|DPPA4
55243,ENSG00000183853,KIRREL1,KIRREL|NEPH1|NPHS23|KIRREL1
55258,ENSG00000144115,THNSL2,SOFAT|THS2|TSH2|THNSL2
55303,ENSG00000133574,GIMAP4,IAN-1|IAN1|IMAP4|MSTP062|GIMAP4
55304,ENSG00000172296,SPTLC3,C20orf38|LCB 3|LCB2B|LCB3|SPT 3|SPT3|SPTLC2L|dJ718P11|dJ718P11.1|hLCB2b|SPTLC3
55351,ENSG00000152953,STK32B,HSA250839|STK32|STKG6|YANK2|STK32B
55353,ENSG00000104341,LAPTM4B,LAPTM4beta|LC27|LAPTM4B
55356,ENSG00000163393,SLC22A15,FLIPT1|PRO34686|SLC22A15
55365,ENSG00000002933,TMEM176A,GS188|HCA112|MS4B1|TMEM176A
55366,ENSG00000205213,LGR4,BNMD17|GPR48|LGR4
55504,ENSG00000127863,TNFRSF19,TAJ|TAJ-alpha|TRADE|TROY|TNFRSF19
55506,ENSG00000099284,MACROH2A2,H2AFY2|MACROH2A2
55605,ENSG00000139116,KIF21A,CFEOM1|FEOM1|FEOM3A|KIF21A
55607,ENSG00000158528,PPP1R9A,NRB1|NRBI|Neurabin-I|PPP1R9A
55612,ENSG00000101311,FERMT1,C20orf42|DTGCU2|KIND1|UNC112A|URP1|FERMT1
55713,ENSG00000198185,ZNF334,ZNF334
55740,ENSG00000154380,ENAH,ENA|MENA|NDPP1|ENAH
55757,ENSG00000102595,UGGT2,HUGT2|UGCGL2|UGT2|UGGT2
55765,ENSG00000163362,INAVA,C1orf106|INAVA
55917,ENSG00000143079,CTTNBP2NL,CTTNBP2NL
55930,ENSG00000128833,MYO5C,MYO5C
56103,ENSG00000253910,PCDHGB2,PCDH-GAMMA-B2|PCDHGB2
56288,ENSG00000148498,PARD3,ASIP|Baz|PAR3|PAR3alpha|PARD-3|PARD3A|PPP1R118|SE2-5L16|SE2-5LT1|SE2-5T2|PARD3
56521,ENSG00000108176,DNAJC12,HPANBH4|JDP1|DNAJC12
56654,ENSG00000107281,NPDC1,CAB|CAB-|CAB-1|CAB1|NPDC-1|NPDC1
56670,ENSG00000198829,SUCNR1,GPR91|SUCNR1
56952,ENSG00000099256,PRTFDC1,HHGP|PRTFDC1
56961,ENSG00000105251,SHD,SHD
56977,ENSG00000173320,STOX2,STOX2
57088,ENSG00000114698,PLSCR4,TRA1|PLSCR4
57105,ENSG00000152207,CYSLTR2,CYSLT2|CYSLT2R|GPCR21|HG57|HPN321|KPG_011|PSEC0146|hGPCR21|CYSLTR2
57167,ENSG00000101115,SALL4,DRRS|HSAL4|ZNF797|SALL4
57194,ENSG00000206190,ATP10A,ATP10C|ATPVA|ATPVC|ATP10A
57211,ENSG00000112414,ADGRG6,APG1|DREG|GPR126|LCCS9|PR126|PS1TP2|VIGR|ADGRG6
57216,ENSG00000162738,VANGL2,LPP1|LTAP|STB1|STBM|STBM1|VANGL2
57419,ENSG00000185052,SLC24A3,NCKX3|SLC24A3
57476,ENSG00000023171,GRAMD1B,LINC01059|GRAMD1B
57482,ENSG00000109265,CRACD,CRAD|KIAA1211|CRACD
57507,ENSG00000168916,ZNF608,NY-REN-36|ZNF608
57523,ENSG00000205978,NYNRIN,CGIN1|KIAA1305|NYNRIN
57568,ENSG00000116991,SIPA1L2,SPAL2|SPAR2|SIPA1L2
57572,ENSG00000130158,DOCK6,AOS2|ZIR1|DOCK6
57576,ENSG00000117245,KIF17,KIF17B|KIF3X|KLP-2|OSM-3|KIF17
57584,ENSG00000107863,ARHGAP21,ARHGAP10|ARHGAP21
57593,ENSG00000088881,EBF4,COE4|O/E-4|EBF4
57604,ENSG00000250305,TRMT9B,C8orf79|KIAA1456|TRM9L|hTRM9L|TRMT9B
57608,ENSG00000165757,JCAD,KIAA1462|JCAD
57616,ENSG00000121297,TSHZ3,TSH3|ZNF537|TSHZ3
57628,ENSG00000175497,DPP10,DPL2|DPPY|DPRP-3|DPRP3|DPP10
57685,ENSG00000158966,CACHD1,CACHD1
57698,ENSG00000187164,SHTN1,KIAA1598|shootin-1|SHTN1
58189,ENSG00000103175,WFDC1,PS20|WFDC1
58499,ENSG00000148143,ZNF462,WSKA|ZFPIP|Zfp462|ZNF462
58504,ENSG00000128805,ARHGAP22,RhoGAP2|RhoGap22|ARHGAP22
59350,ENSG00000171509,RXFP1,LGR7|RXFPR1|RXFP1
60385,ENSG00000126467,TSKS,PPP1R161|STK22S1|TSKS1|TSSKS|TSKS
60675,ENSG00000163421,PROK2,BV8|HH4|KAL4|MIT1|PK2|PROK2
63895,ENSG00000154864,PIEZO2,C18orf30|C18orf58|DA3|DA5|DAIPT|FAM38B|FAM38B2|HsT748|HsT771|MWKS|PIEZO2
63923,ENSG00000120332,TNN,TN-W|TNW|TNN
63934,ENSG00000198046,ZNF667,MIPU1|ZNF667
63976,ENSG00000142611,PRDM16,CMD1LL|KMT8F|LVNC8|MEL1|PFM13|PRDM16
64078,ENSG00000197506,SLC28A3,CNT3|SLC28A3
64084,ENSG00000158258,CLSTN2,ALC-GAMMA|CDHR13|CS2|CSTN2|alcagamma|CLSTN2
64168,ENSG00000123119,NECAB1,EFCBP1|STIP-1|NECAB1
64180,ENSG00000141096,DPEP3,MBD3|DPEP3
64221,ENSG00000154134,ROBO3,HGPPS|HGPPS1|HGPS|RBIG1|RIG1|ROBO3
64285,ENSG00000007384,RHBDF1,C16orf8|Dist1|EGFR-RS|gene-89|gene-90|hDist1|RHBDF1
64399,ENSG00000164161,HHIP,HIP|HHIP
64478,ENSG00000183117,CSMD1,PPP1R24|CSMD1
64499,ENSG00000197253,TPSB2,TPS2|tryptaseB|tryptaseC|TPSB2
64759,ENSG00000136205,TNS3,TEM6|TENS1|TNS3
64856,ENSG00000179403,VWA1,HMNMYO|WARP|VWA1
64866,ENSG00000163814,CDCP1,CD318|SIMA135|TRASK|CDCP1
64901,ENSG00000204764,RANBP17,RANBP17
65061,ENSG00000138395,CDK15,ALS2CR7|PFTAIRE2|PFTK2|CDK15
65975,ENSG00000130413,STK33,STK33
79148,ENSG00000271447,MMP28,EPILYSIN|MM28|MMP-25|MMP-28|MMP25|MMP28
79191,ENSG00000177508,IRX3,IRX-1|IRXB1|IRX3
79192,ENSG00000170549,IRX1,IRX-5|IRXA1|IRX1
79603,ENSG00000090661,CERS4,LASS4|Trh1|CERS4
79623,ENSG00000158089,GALNT14,GALNT15|GalNac-T10|GalNac-T14|GALNT14
79628,ENSG00000169247,SH3TC2,CMT4C|MNMN|SH3TC2
79739,ENSG00000137941,TTLL7,TTLL7
79750,ENSG00000151789,ZNF385D,ZNF659|ZNF385D
79825,ENSG00000114654,EFCC1,C3orf73|CCDC48|EFCC1
79870,ENSG00000164929,BAALC,BAALC
79948,ENSG00000129951,PLPPR3,LPPR3|LPR3|PRG-2|PRG2|PLPPR3
79955,ENSG00000186862,PDZD7,DFNB57|PDZK7|PDZD7
79971,ENSG00000116729,WLS,C1orf139|EVI|GPR177|MRP|mig-14|WLS
79974,ENSG00000106034,CPED1,C7orf58|CPED1
79993,ENSG00000164181,ELOVL7,ELOVL7
80014,ENSG00000151718,WWC2,BOMB|WWC2
80129,ENSG00000120262,CCDC170,C6orf97|bA282P11.1|CCDC170
80177,ENSG00000120279,MYCT1,MTLC|MYCT1
80243,ENSG00000046889,PREX2,DEP.2|DEPDC2|P-REX2|PPP1R129|PREX2
80310,ENSG00000170962,PDGFD,IEGF|MSTP036|SCDGF-B|SCDGFB|PDGFD
80381,ENSG00000103855,CD276,4Ig-B7-H3|B7-H3|B7H3|B7RP-2|CD276
81537,ENSG00000126821,SGPP1,SPP-1|SPPase1|SGPP1
81796,ENSG00000137571,SLCO5A1,OATP-J|OATP-RP4|OATP5A1|OATPJ|OATPRP4|SLC21A15|SLCO5A1
81832,ENSG00000166342,NETO1,BCTL1|BTCL1|NETO1
83543,ENSG00000126878,AIF1L,C9orf58|IBA2|AIF1L
83643,ENSG00000151468,CCDC3,CCDC3
83690,ENSG00000121005,CRISPLD1,CRISP-10|CRISP10|LCRISP1|CRISPLD1
83698,ENSG00000183166,CALN1,CABP8|CALN1
83699,ENSG00000198478,SH3BGRL2,SH3BGRL2
83742,ENSG00000155254,MARVELD1,GB14|MARVD1|MRVLDC1|bA548K23.8|MARVELD1
83871,ENSG00000109113,RAB34,NARR|RAB39|RAH|RAB34
83987,ENSG00000169515,CCDC8,3M3|PPP1R20|p90|CCDC8
84101,ENSG00000136014,USP44,USP44
84171,ENSG00000138131,LOXL4,LOXC|LOXL4
84293,ENSG00000122378,PRXL2A,Adrx|C10orf58|FAM213A|PAMM|PRXL2A
84466,ENSG00000145794,MEGF10,EMARDD|SR-F3|MEGF10
84525,ENSG00000171476,HOPX,CAMEO|HOD|HOP|LAGY|NECC1|OB1|SMAP31|TOTO|HOPX
84628,ENSG00000196358,NTNG2,LHLL9381|Lmnt2|NEDBASH|NTNG1|bA479K20.1|NTNG2
84700,ENSG00000133454,MYO18B,KFS4|MYO18B
84803,ENSG00000138678,GPAT3,AGPAT 10|AGPAT10|AGPAT8|AGPAT9|HMFN0839|LPAAT-theta|MAG1|GPAT3
85329,ENSG00000133317,LGALS12,GAL12|GRIP1|LGALS12
85358,ENSG00000251322,SHANK3,DEL22q13.3|PROSAP2|PSAP2|SCZD15|SPANK-2|SHANK3
85409,ENSG00000145506,NKD2,Naked2|NKD2
85439,ENSG00000140022,STON2,STN2|STNB|STNB2|STON2
85453,ENSG00000180543,TSPYL5,TSPYL5
85461,ENSG00000115183,TANC1,ROLSB|TANC|TANC1
85463,ENSG00000149289,ZC3H12C,MCPIP3|ZC3H12C
85480,ENSG00000145777,TSLP,TSLP
89766,ENSG00000177398,UMODL1,UMODL1
89795,ENSG00000067798,NAV3,POMFIL1|STEERIN3|unc53H3|NAV3
89796,ENSG00000134369,NAV1,POMFIL3|STEERIN1|UNC53H1|NAV1
89822,ENSG00000124780,KCNK17,K2p17.1|TALK-2|TALK2|TASK-4|TASK4|KCNK17
89858,ENSG00000254521,SIGLEC12,S2V|SIGLECL1|SLG|Siglec-XII|SIGLEC12
90362,ENSG00000169122,FAM110B,C8orf72|FAM110B
90952,ENSG00000149564,ESAM,W117m|ESAM
91133,ENSG00000154655,L3MBTL4,HsT1031|L3MBTL4
91522,ENSG00000050767,COL23A1,COL23A1
91703,ENSG00000132744,ACY3,ACY-3|HCBP1|ACY3
91752,ENSG00000170396,ZNF804A,C2orf10|ZNF804A
92235,ENSG00000198842,DUSP27,DUSP27|STYXL2
92312,ENSG00000254726,MEX3A,MEX-3A|RKHD4|RNF162|MEX3A
92815,ENSG00000181218,H2AW,HIST3H2A|H2AW
94031,ENSG00000170801,HTRA3,Prsp|Tasp|HTRA3
94240,ENSG00000133106,EPSTI1,BRESI1|EPSTI1
113278,ENSG00000101276,SLC52A3,BVVLS|BVVLS1|C20orf54|RFT2|RFVT3|bA371L19.1|hRFT2|SLC52A3
114815,ENSG00000108018,SORCS1,hSorCS|SORCS1
114822,ENSG00000158106,RHPN1,ODF5|RHOPHILIN|RHPN|RHPN1
114880,ENSG00000079156,OSBPL6,ORP6|OSBPL6
114900,ENSG00000172247,C1QTNF4,CTRP4|ZACRP4|C1QTNF4
115265,ENSG00000145358,DDIT4L,REDD2|Rtp801L|DDIT4L
115361,ENSG00000162654,GBP4,Mpa2|GBP4
116154,ENSG00000087495,PHACTR3,C20orf101|H17739|PPP1R123|SCAPIN1|SCAPININ|PHACTR3
116159,ENSG00000166265,CYYR1,C21orf95|CYYR1
116173,ENSG00000166091,CMTM5,CKLFSF5|CMTM5
116285,ENSG00000166743,ACSM1,BUCS1|MACS1|ACSM1
116448,ENSG00000184221,OLIG1,BHLHB6|BHLHE21|OLIG1
116931,ENSG00000144893,MED12L,NIZIDS|NOPAR|TNRC11L|TRALP|TRALPUSH|MED12L
117245,ENSG00000168004,PLAAT5,HRASLS5|HRLP5|HRSL5|PLAAT-5|RLP1|iNAT|PLAAT5
120939,ENSG00000165685,TMEM52B,C12orf59|TMEM52B
121355,ENSG00000170627,GTSF1,Cue110|FAM112B|GTSF1
122060,ENSG00000139737,SLAIN1,C13orf32|SLAIN1
122402,ENSG00000156414,TDRD9,C14orf75|HIG-1|HLS|NET54|SPGF30|SPNE|TDRD9
122618,ENSG00000166428,PLD4,C14orf175|PLD4
123041,ENSG00000140090,SLC24A4,AI2A5|NCKX4|SHEP6|SLC24A2|SLC24A4
123103,ENSG00000185271,KLHL33,KLHL33
126259,ENSG00000167664,TMIGD2,CD28H|IGPR-1|IGPR1|TMIGD2
129080,ENSG00000186998,EMID1,EMI5|EMU1|EMID1
129642,ENSG00000143797,MBOAT2,LPAAT|LPCAT|LPCAT4|LPEAT|LPLAT 2|OACT2|MBOAT2
129807,ENSG00000204099,NEU4,NEU4
131405,ENSG00000206557,TRIM71,HYDCC1|LIN-41|LIN41|TRIM71
131544,ENSG00000080200,CRYBG3,DKFZp667G2110|vlAKAP|CRYBG3
132014,ENSG00000163701,IL17RE,IL17RE
132884,ENSG00000173040,EVC2,LBN|WAD|EVC2
135228,ENSG00000156535,CD109,CPAMD7|p180|r150|CD109
140576,ENSG00000188643,S100A16,AAG13|DT1P1A7|S100F|S100A16
140766,ENSG00000138316,ADAMTS14,ADAMTS14
143458,ENSG00000179241,LDLRAD3,LRAD3|LDLRAD3
144165,ENSG00000139174,PRICKLE1,EPM1B|RILP|PRICKLE1
144402,ENSG00000139117,CPNE8,CPNE8
145773,ENSG00000157470,FAM81A,FAM81A
145957,ENSG00000169752,NRG4,HRG4|NRG4
146429,ENSG00000259803,SLC22A31,SLC22A31
148113,ENSG00000160161,CILP2,CLIP-2|CILP2
148398,ENSG00000187634,SAMD11,MRS|SAMD11
148823,ENSG00000169224,GCSAML,C1orf150|GCSAML
150094,ENSG00000142178,SIK1,DEE30|MSK|SIK|SIK-1|SIK1B|SNF1LK|SIK1
151354,ENSG00000162981,LRATD1,FAM84A|NSE1|PP11517|LRATD1
152110,ENSG00000163491,NEK10,CILD44|NEK10
152273,ENSG00000154783,FGD5,ZFYVE23|FGD5
152485,ENSG00000151612,ZNF827,ZNF827
152687,ENSG00000272602,ZNF595,ZNF595
154214,ENSG00000146373,RNF217,C6orf172|IBRDC1|OSTL|dJ84N20.1|RNF217
154790,ENSG00000236279,CLEC2L,CLEC2L
154810,ENSG00000166025,AMOTL1,JEAP|AMOTL1
159296,ENSG00000119919,NKX2-3,CSX3|NK2.3|NKX2.3|NKX2C|NKX4-3|NKX2-3
160335,ENSG00000179104,TMTC2,IBDBP1|TMTC2
160365,ENSG00000184293,CLECL1,DCAL-1|DCAL1|CLECL1
160622,ENSG00000161835,GRASP,GRASP|TAMALIN
161198,ENSG00000176435,CLEC14A,C14orf27|CEG1|EGFR-5|CLEC14A
161742,ENSG00000166068,SPRED1,LGSS|NFLS|PPP1R147|hSpred1|spred-1|SPRED1
165215,ENSG00000144369,FAM171B,KIAA1946|FAM171B
166929,ENSG00000164023,SGMS2,CDL|SMS2|SGMS2
167127,ENSG00000168671,UGT3A2,UGT3A2
168537,ENSG00000179144,GIMAP7,IAN7|hIAN7|GIMAP7
169611,ENSG00000185585,OLFML2A,PRO34319|OLFML2A
169792,ENSG00000107249,GLIS3,NDH|ZNF515|GLIS3
170371,ENSG00000204161,TMEM273,C10orf128|TMEM273
170482,ENSG00000198178,CLEC4C,BDCA-2|BDCA2|CD303|CLECSF11|CLECSF7|DLEC|HECL|PRO34150|CLEC4C
170692,ENSG00000140873,ADAMTS18,ADAMTS21|KNO2|MMCAT|ADAMTS18
196403,ENSG00000178498,DTX3,RNF154|deltex3|DTX3
199777,ENSG00000188171,ZNF626,ZNF626
200132,ENSG00000152760,TCTEX1D1,TCTEX1D1|DYNLT5
201181,ENSG00000187595,ZNF385C,ZNF385C
203859,ENSG00000171714,ANO5,GDD1|LGMD2L|LGMDR12|TMEM16E|ANO5
219902,ENSG00000181264,TLCD5,TMEM136|TLCD5
220108,ENSG00000150510,FAM124A,FAM124A
220963,ENSG00000165449,SLC16A9,C10orf36|MCT9|SLC16A9
221061,ENSG00000148468,FAM171A1,APCN|C10orf38|FAM171A1
221188,ENSG00000159618,ADGRG5,GPR114|PGR27|ADGRG5
221336,ENSG00000151917,BEND6,C6orf65|BEND6
221711,ENSG00000153157,SYCP2L,C6orf177|NO145|dJ62D2.1|SYCP2L
221806,ENSG00000146530,VWDE,VWDE
221981,ENSG00000005108,THSD7A,THSD7A
222171,ENSG00000176532,PRR15,PRR15
253650,ENSG00000180071,ANKRD18A,ANKRD18A
253738,ENSG00000108001,EBF3,COE3|EBF-3|HADDS|O/E-2|OE-2|EBF3
255027,ENSG00000156968,MPV17L,M-LPH|MLPH1|MLPH2|MPV17L1|MPV17L
255324,ENSG00000182585,EPGN,ALGV3072|EPG|PRO9904|EPGN
255631,ENSG00000171502,COL24A1,COL24A1
255877,ENSG00000161940,BCL6B,BAZF|ZBTB28|ZNF62|BCL6B
256076,ENSG00000172752,COL6A5,COL29A1|VWA4|COL6A5
256691,ENSG00000165072,MAMDC2,MAMDC2
257019,ENSG00000172159,FRMD3,4.1O|EPB41L4O|EPB41LO|P410|FRMD3
257194,ENSG00000172260,NEGR1,DMML2433|IGLON4|KILON|Ntra|NEGR1
259173,ENSG00000178038,ALS2CL,RN49018|ALS2CL
259266,ENSG00000066279,ASPM,ASP|Calmbp1|MCPH5|ASPM
266727,ENSG00000112139,MDGA1,GPIM|MAMDC3|MDGA1
283417,ENSG00000177990,DPY19L2,SPATA34|SPGF9|DPY19L2
283463,ENSG00000205592,MUC19,MUC-19|MUC19
284076,ENSG00000170703,TTLL6,TTL.6|TTLL6
284119,ENSG00000177469,CAVIN1,CAVIN|CGL4|FKSG13|PTRF|cavin-1|CAVIN1
284297,ENSG00000179954,SSC5D,S5D-SRCRB|SSC5D
285313,ENSG00000152580,IGSF10,CMF608|IGSF10
285498,ENSG00000178222,RNF212,ZHP3|RNF212
286319,ENSG00000198680,TUSC1,CCDC89B|TSG-9|TSG9|TUSC1
338382,ENSG00000276600,RAB7B,RAB7|RAB7B
338596,ENSG00000148488,ST8SIA6,SIA8F|SIAT8-F|SIAT8F|ST8SIA-VI|ST8SiaVI|ST8SIA6
340260,ENSG00000164853,UNCX,UNCX4.1|UNCX
340895,ENSG00000204740,MALRD1,C10orf112|DIET1|bA265G8.2|MALRD1
342931,ENSG00000223638,RFPL4A,RFPL4|RNF210|RFPL4A
346171,ENSG00000204644,ZFP57,C6orf40|TNDM1|ZNF698|bA145L22|bA145L22.2|ZFP57
346389,ENSG00000183742,MACC1,7A5|SH3BP4L|MACC1
347088,ENSG00000180264,ADGRD2,GPR144|PGR24|ADGRD2
348093,ENSG00000166831,RBPMS2,RBPMS2
348110,ENSG00000242498,ARPIN,C15orf38|ARPIN
349136,ENSG00000187260,WDR86,WDR86
375033,ENSG00000187800,PEAR1,JEDI|MEGF12|PEAR1
387509,ENSG00000158292,GPR153,PGR1|GPR153
387597,ENSG00000143195,ILDR2,C1orf32|dJ782G3.1|ILDR2
387640,ENSG00000180592,SKIDA1,C10orf140|DLN-1|SKIDA1
388125,ENSG00000205502,C2CD4B,FAM148B|NLF2|C2CD4B
388372,ENSG00000276070,CCL4L2,AT744.2|CCL4L|SCYA4L|SCYQ4L2|CCL4L2|LAG-1|LAG1|MIP-1-beta|SCYA4L1|SCYA4L2|CCL4L1
389114,ENSG00000182983,ZNF662,ZNF662
389206,ENSG00000188848,BEND4,CCDC4|BEND4
390667,ENSG00000251692,PTX4,C16orf38|PTX4
401097,ENSG00000180044,C3orf80,C3orf80
401145,ENSG00000184305,CCSER1,FAM190A|CCSER1
401399,ENSG00000224940,PRRT4,PRRT4
401944,ENSG00000187942,LDLRAD2,LDLRAD2
414062,ENSG00000276085,CCL3L1,464.2|D17S1718|G0S19-2|LD78|LD78-beta(1-70)|LD78BETA|MIP1AP|SCYA3L|SCYA3L1|CCL3L1|CCL3L3
440073,ENSG00000120645,IQSEC3,IQSEC3
440270,ENSG00000215252,GOLGA8B,GOLGA5|GOLGA8B
440712,ENSG00000263961,RHEX,C1orf186|RHEX
441459,ENSG00000230453,ANKRD18B,bA255A11.3|bA255A11.5|ANKRD18B
442319,ENSG00000214652,ZNF727,ZNF727P|ZNF727
497189,ENSG00000255833,TIFAB,TIFAB
619279,ENSG00000164684,ZNF704,Gig1|ZNF704
644150,ENSG00000122574,WIPF3,CR16|WIPF3
653082,ENSG00000206077,ZDHHC11B,DHHC-11B|ZDHHC11B
653145,ENSG00000265190,ANXA8,ANX8|CH17-360D5.2|ANXA8
653720,ENSG00000188626,GOLGA8M,GOLGA8M
653720,ENSG00000261480,GOLGA8M,GOLGA8M
727936,ENSG00000172986,GXYLT2,GLT8D4|GXYLT2
728113,ENSG00000264230,ANXA8L1,ANXA8|ANXA8L2|VAC-beta|bA145E20.2|ANXA8L1
728763,ENSG00000226321,CROCC2,CROCC2
731220,ENSG00000196460,RFX8,RFX8
100049587,ENSG00000254415,SIGLEC14,SIGLEC14
100506658,ENSG00000197822,OCLN,BLCPMG|PPP1R115|PTORCH1|OCLN
100532736,ENSG00000158747,NBL1,D1S1733E|DAN|DAND1|NB|NO3|NBL1|C1orf151-NBL1|MINOS1-NBL1|MICOS10-NBL1
102724594,ENSG00000275895,U2AF1L5,U2AF1L5
